{"_runtime":65.5934045,"_timestamp":1.775702199828707e+09,"sst/lr":6.000000000000001e-07,"_wandb":{"runtime":65},"sst/example_count":100,"sst/optimizer_step":6,"_step":100,"sst/total_loss":39.79540367126465,"sst/codebook_utilization":0.001953125}